{"stats":{"minecraft:mined":{"minecraft:short_grass":1,"minecraft:seagrass":1,"minecraft:oak_log":1,"minecraft:oak_leaves":1},"minecraft:picked_up":{"minecraft:oak_log":1,"minecraft:light_gray_wool":1,"minecraft:mutton":4,"minecraft:white_wool":2},"minecraft:custom":{"minecraft:time_since_rest":4958,"minecraft:crouch_one_cm":285,"minecraft:play_time":4958,"minecraft:sprint_one_cm":4338,"minecraft:damage_taken":20,"minecraft:walk_one_cm":5115,"minecraft:sneak_time":56,"minecraft:mob_kills":3,"minecraft:jump":49,"minecraft:damage_dealt":285,"minecraft:time_since_death":4958,"minecraft:walk_on_water_one_cm":293,"minecraft:total_world_time":4958,"minecraft:climb_one_cm":221,"minecraft:fall_one_cm":1507,"minecraft:fly_one_cm":28184},"minecraft:killed":{"minecraft:sheep":3},"minecraft:crafted":{"minecraft:oak_planks":4,"minecraft:crafting_table":1}},"DataVersion":3700}