{"stats":{"minecraft:picked_up":{"minecraft:dirt":1},"minecraft:killed":{"minecraft:horse":1},"minecraft:used":{"minecraft:dirt":1},"minecraft:mined":{"minecraft:grass":8,"minecraft:grass_block":1},"minecraft:custom":{"minecraft:jump":42,"minecraft:time_since_rest":1662,"minecraft:leave_game":1,"minecraft:damage_dealt":190,"minecraft:crouch_one_cm":19,"minecraft:sprint_one_cm":4885,"minecraft:play_time":1662,"minecraft:time_since_death":1662,"minecraft:walk_one_cm":2599,"minecraft:sneak_time":6,"minecraft:total_world_time":1662,"minecraft:mob_kills":1,"minecraft:fall_one_cm":627,"minecraft:fly_one_cm":7093}},"DataVersion":3105}